Entity,Label,Article
russia,GPE,Russo-Ukrainian War
ukraine,GPE,Russo-Ukrainian War
russian,NORP,Russo-Ukrainian War
donbas,GPE,Russo-Ukrainian War
donbas war,ORG,Russo-Ukrainian War
vladimir putin,PERSON,Russo-Ukrainian War
nato,ORG,Russo-Ukrainian War
putin,PERSON,Russo-Ukrainian War
soviet,NORP,Russo-Ukrainian War
kingdom united states,GPE,Russo-Ukrainian War
european,NORP,Russo-Ukrainian War
eastern bloc,LOC,Russo-Ukrainian War
first chechen war,EVENT,Russo-Ukrainian War
viktor yushchenko,PERSON,Russo-Ukrainian War
supreme court,ORG,Russo-Ukrainian War
yulia,GPE,Russo-Ukrainian War
anthony cordesman,PERSON,Russo-Ukrainian War
favour putin,PERSON,Russo-Ukrainian War
georgia,GPE,Russo-Ukrainian War
western european,NORP,Russo-Ukrainian War
ukraine georgia,GPE,Russo-Ukrainian War
us,GPE,Russo-Ukrainian War
george bush,PERSON,Russo-Ukrainian War
georgia ukraine,ORG,Russo-Ukrainian War
eurasian,NORP,Russo-Ukrainian War
eu,GPE,Russo-Ukrainian War
kremlin,ORG,Russo-Ukrainian War
rada,GPE,Russo-Ukrainian War
ukraine russia,PERSON,Russo-Ukrainian War
crimean,GPE,Russo-Ukrainian War
kacha hvardiiske simferopol,PERSON,Russo-Ukrainian War
insignia,GPE,Russo-Ukrainian War
aksyonov,NORP,Russo-Ukrainian War
ukraine putin,PERSON,Russo-Ukrainian War
donbas part,ORG,Russo-Ukrainian War
chechen,NORP,Russo-Ukrainian War
un,ORG,Russo-Ukrainian War
eastern ukraine,NORP,Russo-Ukrainian War
insignia girkin,ORG,Russo-Ukrainian War
malaysia,GPE,Russo-Ukrainian War
united banner,ORG,Russo-Ukrainian War
nikolai mitrokhin,PERSON,Russo-Ukrainian War
novoazovsk azov sea coast,FAC,Russo-Ukrainian War
novoazovsk,GPE,Russo-Ukrainian War
mariupol un security council,ORG,Russo-Ukrainian War
luhansk suffering,ORG,Russo-Ukrainian War
defence ministry,ORG,Russo-Ukrainian War
luhansk,GPE,Russo-Ukrainian War
house,ORG,Russo-Ukrainian War
novaya gazeta,PERSON,Russo-Ukrainian War
lev shlosberg,PERSON,Russo-Ukrainian War
valentina matviyenko,PERSON,Russo-Ukrainian War
andrey kelin,PERSON,Russo-Ukrainian War
kelin,ORG,Russo-Ukrainian War
philip breedlove,PERSON,Russo-Ukrainian War
moscow,GPE,Russo-Ukrainian War
chicago council global affairs,ORG,Russo-Ukrainian War
united nations security council,ORG,Russo-Ukrainian War
united kingdom,GPE,Russo-Ukrainian War
united nations human rights office estimated 8000,ORG,Russo-Ukrainian War
vladimir yefimov,PERSON,Russo-Ukrainian War
red cross,ORG,Russo-Ukrainian War
konstantin zatulin,PERSON,Russo-Ukrainian War
volodymyr zelenskyy,PERSON,Russo-Ukrainian War
ukraine separatists,PERSON,Russo-Ukrainian War
nato eu,FAC,Russo-Ukrainian War
vladimir lenin,PERSON,Russo-Ukrainian War
soviet republic putin,GPE,Russo-Ukrainian War
nikita khrushchev,PERSON,Russo-Ukrainian War
world war ii,EVENT,Russo-Ukrainian War
russian christians,NORP,Russo-Ukrainian War
jews,NORP,Russo-Ukrainian War
nazi germany,GPE,Russo-Ukrainian War
jewish,NORP,Russo-Ukrainian War
jens stoltenberg,PERSON,Russo-Ukrainian War
evacuations donbas,PERSON,Russo-Ukrainian War
federation council,ORG,Russo-Ukrainian War
conscription army,ORG,Russo-Ukrainian War
eastern ukraine command,ORG,Russo-Ukrainian War
aleksandr dvornikov,ORG,Russo-Ukrainian War
europe,LOC,Russo-Ukrainian War
yugoslav,NORP,Russo-Ukrainian War
russians,NORP,Russo-Ukrainian War
east bank,GPE,Russo-Ukrainian War
united nations general assembly resolution,ORG,Russo-Ukrainian War
luhansk regional administration,ORG,Russo-Ukrainian War
cnn,ORG,Russo-Ukrainian War
khartoum,GPE,Russo-Ukrainian War
budanov,PERSON,Russo-Ukrainian War
romanian,NORP,Russo-Ukrainian War
nord stream pipeline,ORG,Russo-Ukrainian War
yuzivska,ORG,Russo-Ukrainian War
arsen avakov,PERSON,Russo-Ukrainian War
balkan,LOC,Russo-Ukrainian War
germany,GPE,Russo-Ukrainian War
joe biden,PERSON,Russo-Ukrainian War
german,NORP,Russo-Ukrainian War
angela merkel,PERSON,Russo-Ukrainian War
nord stream political,ORG,Russo-Ukrainian War
poland,GPE,Russo-Ukrainian War
nord,ORG,Russo-Ukrainian War
ukraine naftogaz,GPE,Russo-Ukrainian War
yuriy vitrenko,PERSON,Russo-Ukrainian War
united states,GPE,Russo-Ukrainian War
communist party,ORG,Russo-Ukrainian War
syria,GPE,Russo-Ukrainian War
iraq,GPE,Russo-Ukrainian War
vladislav surkov,PERSON,Russo-Ukrainian War
putin russian,PERSON,Russo-Ukrainian War
zelenskyy jewish,PERSON,Russo-Ukrainian War
natalia,GPE,Russo-Ukrainian War
antonova,GPE,Russo-Ukrainian War
world war ii ukraine rejection adoption general assembly resolutions combating,EVENT,Russo-Ukrainian War
nazi,NORP,Russo-Ukrainian War
dmitry medvedev,PERSON,Russo-Ukrainian War
medvedev,PERSON,Russo-Ukrainian War
medvedev described,PERSON,Russo-Ukrainian War
southern city,LOC,Russo-Ukrainian War
american,NORP,Russo-Ukrainian War
nafo north atlantic,PERSON,Russo-Ukrainian War
cartoon shiba inu dogs social media,ORG,Russo-Ukrainian War
mikhail ulyanov,PERSON,Russo-Ukrainian War
ukrainians,NORP,Russo-Ukrainian War
islamic,NORP,Russo-Ukrainian War
crocus city hall,ORG,Russo-Ukrainian War
krasnogorsk moscow,FAC,Russo-Ukrainian War
russia defense ministry,ORG,Russo-Ukrainian War
crocus,ORG,Russo-Ukrainian War
ukraine russian,NORP,Russo-Ukrainian War
church moscow,ORG,Russo-Ukrainian War
germany university,ORG,Russo-Ukrainian War
al jazeera roc,ORG,Russo-Ukrainian War
nakaz decree council present,ORG,Russo-Ukrainian War
roc protodeacon,PERSON,Russo-Ukrainian War
christians,NORP,Russo-Ukrainian War
sergey lavrov,PERSON,Russo-Ukrainian War
eastern,ORG,Russo-Ukrainian War
cia,ORG,Russo-Ukrainian War
leon panetta,PERSON,Russo-Ukrainian War
abc,ORG,Russo-Ukrainian War
oleksandr turchynov,PERSON,Russo-Ukrainian War
abkhazia south ossetia,ORG,Russo-Ukrainian War
soviet union,GPE,Russo-Ukrainian War
battalion ukrainian national guard american forces,ORG,Russo-Ukrainian War
pentagon,ORG,Russo-Ukrainian War
russian european,NORP,Russo-Ukrainian War
swiss franc climb high dollar high euro,ORG,Russo-Ukrainian War
australian,NORP,Russo-Ukrainian War
crimea taken international republican institute,ORG,Russo-Ukrainian War
western ukraine,NORP,Russo-Ukrainian War
levada,ORG,Russo-Ukrainian War
ukraine street,GPE,Russo-Ukrainian War
ukraine donbas,GPE,Russo-Ukrainian War
congress,ORG,Russo-Ukrainian War
afghanistan,GPE,Russo-Ukrainian War
washington,GPE,Russo-Ukrainian War
timothy snyder,PERSON,Russo-Ukrainian War
new york times,ORG,Russo-Ukrainian War
revival putin,PERSON,Russo-Ukrainian War
putin justification,PERSON,Russo-Ukrainian War
christian,NORP,Russo-Ukrainian War
putin adolf hitler conquests,PERSON,Russo-Ukrainian War
iran,GPE,Russo-Ukrainian War
north korea,GPE,Russo-Ukrainian War
china,GPE,Russo-Ukrainian War
chinese,NORP,Russo-Ukrainian War
arab,NORP,Russo-Ukrainian War
south africa,GPE,Russo-Ukrainian War
south african,NORP,Russo-Ukrainian War
united nations,ORG,Russo-Ukrainian War
united nations general assembly,ORG,Russo-Ukrainian War
nicaragua,GPE,Russo-Ukrainian War
encyclopdia britannica,FAC,Russo-Ukrainian War
google news war,ORG,Russo-Ukrainian War
bbc news,ORG,Russo-Ukrainian War
russia,GPE,Russian invasion of Ukraine
european,NORP,Russian invasion of Ukraine
world war ii,EVENT,Russian invasion of Ukraine
russian,NORP,Russian invasion of Ukraine
europe,LOC,Russian invasion of Ukraine
ukraine,GPE,Russian invasion of Ukraine
vladimir putin,PERSON,Russian invasion of Ukraine
ukraine donbas,GPE,Russian invasion of Ukraine
putin,PERSON,Russian invasion of Ukraine
donbas,GPE,Russian invasion of Ukraine
kherson,ORG,Russian invasion of Ukraine
south east,LOC,Russian invasion of Ukraine
putin maria,PERSON,Russian invasion of Ukraine
sergey kobylash,PERSON,Russian invasion of Ukraine
ussr,GPE,Russian invasion of Ukraine
budapest memorandum,FAC,Russian invasion of Ukraine
ukraine growing,PERSON,Russian invasion of Ukraine
nato,ORG,Russian invasion of Ukraine
ukraine georgia,GPE,Russian invasion of Ukraine
summit nato,ORG,Russian invasion of Ukraine
georgia,GPE,Russian invasion of Ukraine
jaap de hoop,PERSON,Russian invasion of Ukraine
sergey lavrov,PERSON,Russian invasion of Ukraine
soviet,NORP,Russian invasion of Ukraine
mikhail gorbachev,PERSON,Russian invasion of Ukraine
nato aggression,ORG,Russian invasion of Ukraine
european union,ORG,Russian invasion of Ukraine
eu russia,PERSON,Russian invasion of Ukraine
kremlin,ORG,Russian invasion of Ukraine
eu,GPE,Russian invasion of Ukraine
eurasian,NORP,Russian invasion of Ukraine
crimean,GPE,Russian invasion of Ukraine
normandy format,PERSON,Russian invasion of Ukraine
france,GPE,Russian invasion of Ukraine
germany,GPE,Russian invasion of Ukraine
minsk,GPE,Russian invasion of Ukraine
ukraine negotiate,ORG,Russian invasion of Ukraine
vladimir socor,PERSON,Russian invasion of Ukraine
kosovo,GPE,Russian invasion of Ukraine
yugoslavia justification involvement annexation crimea,ORG,Russian invasion of Ukraine
ukraine border,GPE,Russian invasion of Ukraine
putin inner,PERSON,Russian invasion of Ukraine
sergei shoigu,PERSON,Russian invasion of Ukraine
russians,NORP,Russian invasion of Ukraine
ukraine historically,LOC,Russian invasion of Ukraine
ukraine mistake,GPE,Russian invasion of Ukraine
american,NORP,Russian invasion of Ukraine
timothy snyder,PERSON,Russian invasion of Ukraine
british,NORP,Russian invasion of Ukraine
edward lucas,PERSON,Russian invasion of Ukraine
eastern europe,LOC,Russian invasion of Ukraine
eastern european,NORP,Russian invasion of Ukraine
jens stoltenberg,PERSON,Russian invasion of Ukraine
crimea nato,ORG,Russian invasion of Ukraine
french,NORP,Russian invasion of Ukraine
emmanuel macron,PERSON,Russian invasion of Ukraine
german,NORP,Russian invasion of Ukraine
olaf,NORP,Russian invasion of Ukraine
volodymyr zelenskyy,PERSON,Russian invasion of Ukraine
nato zelenskyy,ORG,Russian invasion of Ukraine
crimea,ORG,Russian invasion of Ukraine
moscow,GPE,Russian invasion of Ukraine
territories peacekeepers federation council,ORG,Russian invasion of Ukraine
ukraine putin,PERSON,Russian invasion of Ukraine
north east,LOC,Russian invasion of Ukraine
far west lviv,GPE,Russian invasion of Ukraine
berlin 1945,PERSON,Russian invasion of Ukraine
donbas eastern,ORG,Russian invasion of Ukraine
ukrainian,NORP,Russian invasion of Ukraine
irpin hostomel bucha,PERSON,Russian invasion of Ukraine
army,ORG,Russian invasion of Ukraine
ramstein air base germany,FAC,Russian invasion of Ukraine
us,GPE,Russian invasion of Ukraine
joe biden,PERSON,Russian invasion of Ukraine
avril haines,PERSON,Russian invasion of Ukraine
bbc,ORG,Russian invasion of Ukraine
switzerland,GPE,Russian invasion of Ukraine
south,LOC,Russian invasion of Ukraine
west bank,GPE,Russian invasion of Ukraine
east bank,LOC,Russian invasion of Ukraine
northeast,LOC,Russian invasion of Ukraine
united states,GPE,Russian invasion of Ukraine
washington,GPE,Russian invasion of Ukraine
glenn kessler,PERSON,Russian invasion of Ukraine
assault antonov airport,PERSON,Russian invasion of Ukraine
united services institute,ORG,Russian invasion of Ukraine
east west,GPE,Russian invasion of Ukraine
bucha hostomel,PERSON,Russian invasion of Ukraine
un,ORG,Russian invasion of Ukraine
frederick kagan,PERSON,Russian invasion of Ukraine
russian avenue,LOC,Russian invasion of Ukraine
pentagon,ORG,Russian invasion of Ukraine
north crimean,NORP,Russian invasion of Ukraine
attack moved east linking,ORG,Russian invasion of Ukraine
army corps,ORG,Russian invasion of Ukraine
zaporizhzhia nuclear,PERSON,Russian invasion of Ukraine
olha stefanishyna,PERSON,Russian invasion of Ukraine
united nations,ORG,Russian invasion of Ukraine
ukraine west bombardment,GPE,Russian invasion of Ukraine
odesa mykolaiv zaporizhzhia,PERSON,Russian invasion of Ukraine
defence ministry,ORG,Russian invasion of Ukraine
pbs news,ORG,Russian invasion of Ukraine
new york times,ORG,Russian invasion of Ukraine
north lviv,GPE,Russian invasion of Ukraine
zaporizhzhia kherson,PERSON,Russian invasion of Ukraine
3rd army corps,ORG,Russian invasion of Ukraine
putin zelenskyy,PERSON,Russian invasion of Ukraine
ukrainska pravda 8,ORG,Russian invasion of Ukraine
ilia somolienko,PERSON,Russian invasion of Ukraine
mariupol garrison,ORG,Russian invasion of Ukraine
novoazovsk,GPE,Russian invasion of Ukraine
peskov,GPE,Russian invasion of Ukraine
kramatorsk railway,PERSON,Russian invasion of Ukraine
city kramatorsk,PERSON,Russian invasion of Ukraine
east american,NORP,Russian invasion of Ukraine
luhansk province,GPE,Russian invasion of Ukraine
city lyman,PERSON,Russian invasion of Ukraine
cnn,ORG,Russian invasion of Ukraine
cbs,ORG,Russian invasion of Ukraine
russian defence ministry,ORG,Russian invasion of Ukraine
david,PERSON,Russian invasion of Ukraine
95th air assault,ORG,Russian invasion of Ukraine
defence ministry meeting,ORG,Russian invasion of Ukraine
moldova ministry,ORG,Russian invasion of Ukraine
ukraine georgi gotev euractiv,LOC,Russian invasion of Ukraine
cnbc,ORG,Russian invasion of Ukraine
vadaturskyi,GPE,Russian invasion of Ukraine
zaporizhzhia russian,PERSON,Russian invasion of Ukraine
destroyed dnipro international airport,ORG,Russian invasion of Ukraine
city kremenchuk,PERSON,Russian invasion of Ukraine
northwest zaporizhzhia,PERSON,Russian invasion of Ukraine
pedro kotin,PERSON,Russian invasion of Ukraine
macron putin,PERSON,Russian invasion of Ukraine
adam kinzinger,PERSON,Russian invasion of Ukraine
article 5,LAW,Russian invasion of Ukraine
dniprovska,PRODUCT,Russian invasion of Ukraine
rafael grossi,PERSON,Russian invasion of Ukraine
new york,GPE,Russian invasion of Ukraine
putin kiev,PERSON,Russian invasion of Ukraine
mykhailo podolyak adviser zelenskyy,PERSON,Russian invasion of Ukraine
gillian keegan,PERSON,Russian invasion of Ukraine
kherson luhansk zaporizhzhia,PERSON,Russian invasion of Ukraine
administrations kherson,PERSON,Russian invasion of Ukraine
sham,ORG,Russian invasion of Ukraine
luhansk kherson zaporizhzhia regions address,PERSON,Russian invasion of Ukraine
ukraine united,GPE,Russian invasion of Ukraine
vysokopillia ukrainian forces ukrainian,ORG,Russian invasion of Ukraine
shoigu,PERSON,Russian invasion of Ukraine
city kherson,ORG,Russian invasion of Ukraine
eastern bank,ORG,Russian invasion of Ukraine
kherson russia,ORG,Russian invasion of Ukraine
kupiansk,GPE,Russian invasion of Ukraine
burluk institute study war,ORG,Russian invasion of Ukraine
uk ministry defence,ORG,Russian invasion of Ukraine
eastern ukraine campaign ended disappointment moscow,ORG,Russian invasion of Ukraine
mark galeotti,PERSON,Russian invasion of Ukraine
british ministry,ORG,Russian invasion of Ukraine
north south east,LOC,Russian invasion of Ukraine
wagner group,ORG,Russian invasion of Ukraine
mark milley,PERSON,Russian invasion of Ukraine
milley,PERSON,Russian invasion of Ukraine
ukraine taken blahodatne makarivka neskuchne continuing push southward ukraine,ORG,Russian invasion of Ukraine
yevgeny prigozhin,PERSON,Russian invasion of Ukraine
eastern donbas,LOC,Russian invasion of Ukraine
kakhovka,GPE,Russian invasion of Ukraine
ukraine coast,GPE,Russian invasion of Ukraine
avdiivka longtime,ORG,Russian invasion of Ukraine
abc news,ORG,Russian invasion of Ukraine
david axe,PERSON,Russian invasion of Ukraine
andrey morozov prominent,PERSON,Russian invasion of Ukraine
congress,ORG,Russian invasion of Ukraine
avdiivka felt,PERSON,Russian invasion of Ukraine
air force,ORG,Russian invasion of Ukraine
district aleksandr dvornikov,ORG,Russian invasion of Ukraine
gennady zhidko eastern,PERSON,Russian invasion of Ukraine
russian navy,EVENT,Russian invasion of Ukraine
valerii zaluzhnyi,PERSON,Russian invasion of Ukraine
aksyonov,ORG,Russian invasion of Ukraine
hetman sahaidachny,PERSON,Russian invasion of Ukraine
ukrainian navy,ORG,Russian invasion of Ukraine
cruiser moskva,PERSON,Russian invasion of Ukraine
john kirby,PERSON,Russian invasion of Ukraine
snake island,FAC,Russian invasion of Ukraine
sergei lavrov,PERSON,Russian invasion of Ukraine
cia,ORG,Russian invasion of Ukraine
william burns,PERSON,Russian invasion of Ukraine
biden,PERSON,Russian invasion of Ukraine
putin overt,PERSON,Russian invasion of Ukraine
czech,NORP,Russian invasion of Ukraine
destroying mobile phone,ORG,Russian invasion of Ukraine
democratic republic congo,GPE,Russian invasion of Ukraine
un general assembly,ORG,Russian invasion of Ukraine
india,GPE,Russian invasion of Ukraine
lng subject european union sanctions,ORG,Russian invasion of Ukraine
asia european,NORP,Russian invasion of Ukraine
eu airspace ban,PERSON,Russian invasion of Ukraine
lithuania,GPE,Russian invasion of Ukraine
ukraine finland,GPE,Russian invasion of Ukraine
finland,GPE,Russian invasion of Ukraine
foreign involvement kiel institute,ORG,Russian invasion of Ukraine
ukraine kiel institute,ORG,Russian invasion of Ukraine
bulgaria,GPE,Russian invasion of Ukraine
ukraine politico,GPE,Russian invasion of Ukraine
chinese,NORP,Russian invasion of Ukraine
turkey united,GPE,Russian invasion of Ukraine
arab,NORP,Russian invasion of Ukraine
intel,ORG,Russian invasion of Ukraine
iran,GPE,Russian invasion of Ukraine
poland,GPE,Russian invasion of Ukraine
north korea,GPE,Russian invasion of Ukraine
china,GPE,Russian invasion of Ukraine
bbc news,ORG,Russian invasion of Ukraine
dan ciuriak howe,PERSON,Russian invasion of Ukraine
united nations high commissioner human rights ohchr,ORG,Russian invasion of Ukraine
oksana,GPE,Russian invasion of Ukraine
kaveh,GPE,Russian invasion of Ukraine
yale school public health,ORG,Russian invasion of Ukraine
zelensky,PERSON,Russian invasion of Ukraine
united nations high commissioner,ORG,Russian invasion of Ukraine
united nations security council,ORG,Russian invasion of Ukraine
senate,ORG,Russian invasion of Ukraine
soviets,NORP,Russian invasion of Ukraine
rome crimes,ORG,Russian invasion of Ukraine
article 7 rome,LAW,Russian invasion of Ukraine
yugoslav,NORP,Russian invasion of Ukraine
npr,ORG,Russian invasion of Ukraine
hungary,GPE,Russian invasion of Ukraine
moldova slovakia,ORG,Russian invasion of Ukraine
britain,GPE,Russian invasion of Ukraine
chechen,NORP,Russian invasion of Ukraine
ukraine national security defence council,ORG,Russian invasion of Ukraine
vienna institute international economic studies,ORG,Russian invasion of Ukraine
heidi hautala,PERSON,Russian invasion of Ukraine
wallstrom mary robinson greta,PERSON,Russian invasion of Ukraine
economic ministry,ORG,Russian invasion of Ukraine
dmytro kuleba,PERSON,Russian invasion of Ukraine
dmitry medvedev,PERSON,Russian invasion of Ukraine
ukraine zelenskyy,GPE,Russian invasion of Ukraine
putin spokesperson,PERSON,Russian invasion of Ukraine
brazil,GPE,Russian invasion of Ukraine
indonesia,GPE,Russian invasion of Ukraine
beijing,GPE,Russian invasion of Ukraine
putin signaling,PERSON,Russian invasion of Ukraine
council european union,ORG,Russian invasion of Ukraine
google news,ORG,Russian invasion of Ukraine
russian,NORP,War crimes in the Russian invasion of Ukraine
prosecutor international criminal court,ORG,War crimes in the Russian invasion of Ukraine
united nations human rights council,ORG,War crimes in the Russian invasion of Ukraine
un,ORG,War crimes in the Russian invasion of Ukraine
united nations high commissioner,ORG,War crimes in the Russian invasion of Ukraine
united nations,ORG,War crimes in the Russian invasion of Ukraine
russia un human rights council,ORG,War crimes in the Russian invasion of Ukraine
putin maria alekseyevna,PERSON,War crimes in the Russian invasion of Ukraine
geneva conventions,EVENT,War crimes in the Russian invasion of Ukraine
rome,GPE,War crimes in the Russian invasion of Ukraine
putin russian,PERSON,War crimes in the Russian invasion of Ukraine
russia,GPE,War crimes in the Russian invasion of Ukraine
moscow,GPE,War crimes in the Russian invasion of Ukraine
senate,ORG,War crimes in the Russian invasion of Ukraine
putin,PERSON,War crimes in the Russian invasion of Ukraine
soviets,NORP,War crimes in the Russian invasion of Ukraine
rome crimes,ORG,War crimes in the Russian invasion of Ukraine
article 7 rome,LAW,War crimes in the Russian invasion of Ukraine
cnn,ORG,War crimes in the Russian invasion of Ukraine
united states department state,ORG,War crimes in the Russian invasion of Ukraine
united nations bodies,ORG,War crimes in the Russian invasion of Ukraine
foreign ministry saying ukrainian children illegally,ORG,War crimes in the Russian invasion of Ukraine
ukraine human rights ombudsman,ORG,War crimes in the Russian invasion of Ukraine
republics,GPE,War crimes in the Russian invasion of Ukraine
tanya lokshina,PERSON,War crimes in the Russian invasion of Ukraine
ohchr informed human rights council,ORG,War crimes in the Russian invasion of Ukraine
nazi,NORP,War crimes in the Russian invasion of Ukraine
amnesty international,ORG,War crimes in the Russian invasion of Ukraine
united nations high commissioner human rights,ORG,War crimes in the Russian invasion of Ukraine
russians,NORP,War crimes in the Russian invasion of Ukraine
new york times,ORG,War crimes in the Russian invasion of Ukraine
bbc news,ORG,War crimes in the Russian invasion of Ukraine
london,GPE,War crimes in the Russian invasion of Ukraine
borodianka mayor,PERSON,War crimes in the Russian invasion of Ukraine
defense ministry,ORG,War crimes in the Russian invasion of Ukraine
donbas tattoos,PERSON,War crimes in the Russian invasion of Ukraine
kadyrovite chechen,PERSON,War crimes in the Russian invasion of Ukraine
washington,GPE,War crimes in the Russian invasion of Ukraine
new york,GPE,War crimes in the Russian invasion of Ukraine
kupiansk,ORG,War crimes in the Russian invasion of Ukraine
nova,LOC,War crimes in the Russian invasion of Ukraine
bbc,ORG,War crimes in the Russian invasion of Ukraine
shot civilian van,PERSON,War crimes in the Russian invasion of Ukraine
van,PERSON,War crimes in the Russian invasion of Ukraine
cctv,ORG,War crimes in the Russian invasion of Ukraine
bogdan khmelnytsky street,PERSON,War crimes in the Russian invasion of Ukraine
stepanki,GPE,War crimes in the Russian invasion of Ukraine
canadian,NORP,War crimes in the Russian invasion of Ukraine
global news prosecutor office,ORG,War crimes in the Russian invasion of Ukraine
kreminna,NORP,War crimes in the Russian invasion of Ukraine
kivsharivka,ORG,War crimes in the Russian invasion of Ukraine
french,NORP,War crimes in the Russian invasion of Ukraine
klim kerzhaev,PERSON,War crimes in the Russian invasion of Ukraine
citizens conserve energy introducedrolling blackouts world health organization,ORG,War crimes in the Russian invasion of Ukraine
ravina shamdasani spokesperson office united nations high commissioner,ORG,War crimes in the Russian invasion of Ukraine
european,NORP,War crimes in the Russian invasion of Ukraine
von der leyen,PERSON,War crimes in the Russian invasion of Ukraine
nato eastern flank,ORG,War crimes in the Russian invasion of Ukraine
duke law school centre law ethics national security,ORG,War crimes in the Russian invasion of Ukraine
zaporizhzhia nuclear,PERSON,War crimes in the Russian invasion of Ukraine
europe,LOC,War crimes in the Russian invasion of Ukraine
pentagon,ORG,War crimes in the Russian invasion of Ukraine
volodymyr zelenskyy,PERSON,War crimes in the Russian invasion of Ukraine
vladimir putin,PERSON,War crimes in the Russian invasion of Ukraine
general international atomic energy agency,ORG,War crimes in the Russian invasion of Ukraine
article 56,LAW,War crimes in the Russian invasion of Ukraine
united nations intentional,ORG,War crimes in the Russian invasion of Ukraine
kuindzhi art museum mariupol,ORG,War crimes in the Russian invasion of Ukraine
church viazivka zhytomyr region historical,ORG,War crimes in the Russian invasion of Ukraine
unesco,ORG,War crimes in the Russian invasion of Ukraine
convention hague convention protection cultural property event,ORG,War crimes in the Russian invasion of Ukraine
bilyi head kherson regional department committee voters ukraine,PERSON,War crimes in the Russian invasion of Ukraine
skadovsk,GPE,War crimes in the Russian invasion of Ukraine
kherson,PERSON,War crimes in the Russian invasion of Ukraine
groin,ORG,War crimes in the Russian invasion of Ukraine
kherson zaporizhzhia,PERSON,War crimes in the Russian invasion of Ukraine
abc news,ORG,War crimes in the Russian invasion of Ukraine
ohchr,ORG,War crimes in the Russian invasion of Ukraine
bbc guardian,ORG,War crimes in the Russian invasion of Ukraine
obukhovychi,GPE,War crimes in the Russian invasion of Ukraine
united nations committee rights persons,ORG,War crimes in the Russian invasion of Ukraine
united states,GPE,War crimes in the Russian invasion of Ukraine
antony blinken,PERSON,War crimes in the Russian invasion of Ukraine
michael schmitt,PERSON,War crimes in the Russian invasion of Ukraine
care house,ORG,War crimes in the Russian invasion of Ukraine
stara krasnianka,PERSON,War crimes in the Russian invasion of Ukraine
kreminna luhansk,GPE,War crimes in the Russian invasion of Ukraine
ukraine prosecutor general,ORG,War crimes in the Russian invasion of Ukraine
hid house,ORG,War crimes in the Russian invasion of Ukraine
maria mezentseva,PERSON,War crimes in the Russian invasion of Ukraine
dmytro kuleba,PERSON,War crimes in the Russian invasion of Ukraine
chechen,NORP,War crimes in the Russian invasion of Ukraine
united nations special,ORG,War crimes in the Russian invasion of Ukraine
wall street journal,ORG,War crimes in the Russian invasion of Ukraine
yaroslav trofimov,PERSON,War crimes in the Russian invasion of Ukraine
k stores news,ORG,War crimes in the Russian invasion of Ukraine
ukraine alert,PERSON,War crimes in the Russian invasion of Ukraine
anton motolko,PERSON,War crimes in the Russian invasion of Ukraine
mariupol melitopol,ORG,War crimes in the Russian invasion of Ukraine
article 8 rome,LAW,War crimes in the Russian invasion of Ukraine
ukraine hrmmu,GPE,War crimes in the Russian invasion of Ukraine
hrmmu,GPE,War crimes in the Russian invasion of Ukraine
georgian,NORP,War crimes in the Russian invasion of Ukraine
new york times reuters,ORG,War crimes in the Russian invasion of Ukraine
north village,GPE,War crimes in the Russian invasion of Ukraine
ukraine,GPE,War crimes in the Russian invasion of Ukraine
un high commissioner human rights volker,ORG,War crimes in the Russian invasion of Ukraine
un security council us global criminal,ORG,War crimes in the Russian invasion of Ukraine
beth van schaack,PERSON,War crimes in the Russian invasion of Ukraine
supreme court,ORG,War crimes in the Russian invasion of Ukraine
aslin,GPE,War crimes in the Russian invasion of Ukraine
saadoun,GPE,War crimes in the Russian invasion of Ukraine
saadoun come,EVENT,War crimes in the Russian invasion of Ukraine
morocco,GPE,War crimes in the Russian invasion of Ukraine
saaudun deemed international,PERSON,War crimes in the Russian invasion of Ukraine
denis pushilin,PERSON,War crimes in the Russian invasion of Ukraine
vyacheslav volodin,PERSON,War crimes in the Russian invasion of Ukraine
european court,ORG,War crimes in the Russian invasion of Ukraine
british,NORP,War crimes in the Russian invasion of Ukraine
citizen saadoun,PERSON,War crimes in the Russian invasion of Ukraine
oleksandr matsievskyi,GPE,War crimes in the Russian invasion of Ukraine
ukraine office,PERSON,War crimes in the Russian invasion of Ukraine
chechen kadyrovite,PERSON,War crimes in the Russian invasion of Ukraine
wagner group mercenaries,ORG,War crimes in the Russian invasion of Ukraine
ukraine canada,ORG,War crimes in the Russian invasion of Ukraine
poland,GPE,War crimes in the Russian invasion of Ukraine
estonia,GPE,War crimes in the Russian invasion of Ukraine
latvia,GPE,War crimes in the Russian invasion of Ukraine
lithuania czech,GPE,War crimes in the Russian invasion of Ukraine
timothy snyder norman naimark,PERSON,War crimes in the Russian invasion of Ukraine
alexander bobikin alexander ivanov,PERSON,War crimes in the Russian invasion of Ukraine
eu,PERSON,War crimes in the Russian invasion of Ukraine
jit ukraine,NORP,War crimes in the Russian invasion of Ukraine
merrick garland,PERSON,War crimes in the Russian invasion of Ukraine
tass,ORG,War crimes in the Russian invasion of Ukraine
serviceman anton,PERSON,War crimes in the Russian invasion of Ukraine
estonia germany,GPE,War crimes in the Russian invasion of Ukraine
lithuania,GPE,War crimes in the Russian invasion of Ukraine
slovakia,ORG,War crimes in the Russian invasion of Ukraine
spain,GPE,War crimes in the Russian invasion of Ukraine
american,NORP,War crimes in the Russian invasion of Ukraine
seiranovich mkrtchyan dmitry,PERSON,War crimes in the Russian invasion of Ukraine
icc prosecutor karim,PERSON,War crimes in the Russian invasion of Ukraine
ahmad khan,PERSON,War crimes in the Russian invasion of Ukraine
ukraine khan,GPE,War crimes in the Russian invasion of Ukraine
ingrida simonyte,PERSON,War crimes in the Russian invasion of Ukraine
dutch,NORP,War crimes in the Russian invasion of Ukraine
netherlands,GPE,War crimes in the Russian invasion of Ukraine
putin maria,PERSON,War crimes in the Russian invasion of Ukraine
sergey kobylash,GPE,War crimes in the Russian invasion of Ukraine
ukraine kirill,PERSON,War crimes in the Russian invasion of Ukraine
xue hanqin,PERSON,War crimes in the Russian invasion of Ukraine
china,GPE,War crimes in the Russian invasion of Ukraine
russian federation council europe,ORG,War crimes in the Russian invasion of Ukraine
nato,ORG,War crimes in the Russian invasion of Ukraine
european commission,ORG,War crimes in the Russian invasion of Ukraine
european union,ORG,War crimes in the Russian invasion of Ukraine
boris johnson,PERSON,War crimes in the Russian invasion of Ukraine
joe biden,PERSON,War crimes in the Russian invasion of Ukraine
putin war,EVENT,War crimes in the Russian invasion of Ukraine
us state department,ORG,War crimes in the Russian invasion of Ukraine
emmanuel macron,PERSON,War crimes in the Russian invasion of Ukraine
united nations general assembly,ORG,War crimes in the Russian invasion of Ukraine
manisha,GPE,War crimes in the Russian invasion of Ukraine
pbs,ORG,War crimes in the Russian invasion of Ukraine
cbs,ORG,War crimes in the Russian invasion of Ukraine
russian,NORP,Casualties of the Russo-Ukrainian War
ukraine,GPE,Casualties of the Russo-Ukrainian War
russia,GPE,Casualties of the Russo-Ukrainian War
crimean,NORP,Casualties of the Russo-Ukrainian War
national museum military history,ORG,Casualties of the Russo-Ukrainian War
malaysia airlines,ORG,Casualties of the Russo-Ukrainian War
united nations,ORG,Casualties of the Russo-Ukrainian War
oleg kuzminykh,PERSON,Casualties of the Russo-Ukrainian War
united states department,ORG,Casualties of the Russo-Ukrainian War
kyrgyz,NORP,Casualties of the Russo-Ukrainian War
chechen,NORP,Casualties of the Russo-Ukrainian War
isa munayev,PERSON,Casualties of the Russo-Ukrainian War
italian,NORP,Casualties of the Russo-Ukrainian War
andrea rocchelli,PERSON,Casualties of the Russo-Ukrainian War
kornelyuk anton,PERSON,Casualties of the Russo-Ukrainian War
klyan,PERSON,Casualties of the Russo-Ukrainian War
andrey stenin,PERSON,Casualties of the Russo-Ukrainian War
un,ORG,Casualties of the Russo-Ukrainian War
bbc news,ORG,Casualties of the Russo-Ukrainian War
vdv,ORG,Casualties of the Russo-Ukrainian War
bbc,ORG,Casualties of the Russo-Ukrainian War
bbc contain,ORG,Casualties of the Russo-Ukrainian War
world war ii,EVENT,Casualties of the Russo-Ukrainian War
afghanistan,GPE,Casualties of the Russo-Ukrainian War
mykhailo podolyak,PERSON,Casualties of the Russo-Ukrainian War
north far east siberia,LOC,Casualties of the Russo-Ukrainian War
ohchr,ORG,Casualties of the Russo-Ukrainian War
askyonovan head crimea,PERSON,Casualties of the Russo-Ukrainian War
polish,NORP,Casualties of the Russo-Ukrainian War
przewodw lublin,PERSON,Casualties of the Russo-Ukrainian War
us,GPE,Casualties of the Russo-Ukrainian War
azerbaijan,GPE,Casualties of the Russo-Ukrainian War
paul urey,PERSON,Casualties of the Russo-Ukrainian War
dylan healy,PERSON,Casualties of the Russo-Ukrainian War
british,NORP,Casualties of the Russo-Ukrainian War
urey,ORG,Casualties of the Russo-Ukrainian War
american,NORP,Casualties of the Russo-Ukrainian War
colombian,NORP,Casualties of the Russo-Ukrainian War
peruvian,NORP,Casualties of the Russo-Ukrainian War
spanish,NORP,Casualties of the Russo-Ukrainian War
cuban,NORP,Casualties of the Russo-Ukrainian War
red cross,ORG,Casualties of the Russo-Ukrainian War
ukraine ukrainian interior ministry,ORG,Casualties of the Russo-Ukrainian War
balkan,LOC,Casualties of the Russo-Ukrainian War
wall street journal,ORG,Casualties of the Russo-Ukrainian War
germans,NORP,Casualties of the Russo-Ukrainian War
melitopol ivan,PERSON,Casualties of the Russo-Ukrainian War
oksana,GPE,Casualties of the Russo-Ukrainian War
boris johnson,PERSON,Casualties of the Russo-Ukrainian War
robert jenrick,PERSON,Casualties of the Russo-Ukrainian War
johnson,PERSON,Casualties of the Russo-Ukrainian War
vereshchuk,ORG,Casualties of the Russo-Ukrainian War
pow international red cross,ORG,Casualties of the Russo-Ukrainian War
luhansk people,PERSON,Casualties of the Russo-Ukrainian War
ukrayinska pravda newspaper,ORG,Casualties of the Russo-Ukrainian War
icmp,PERSON,Casualties of the Russo-Ukrainian War
russian,NORP,Disinformation in the Russian invasion of Ukraine
nato,ORG,Disinformation in the Russian invasion of Ukraine
russia,GPE,Disinformation in the Russian invasion of Ukraine
chinese,NORP,Disinformation in the Russian invasion of Ukraine
russians,NORP,Disinformation in the Russian invasion of Ukraine
vladimir putin,PERSON,Disinformation in the Russian invasion of Ukraine
putin,PERSON,Disinformation in the Russian invasion of Ukraine
alexander dben professor international affairs,ORG,Disinformation in the Russian invasion of Ukraine
ukraine country,GPE,Disinformation in the Russian invasion of Ukraine
ukraine exist,GPE,Disinformation in the Russian invasion of Ukraine
united nations special rapporteurs,ORG,Disinformation in the Russian invasion of Ukraine
west united,GPE,Disinformation in the Russian invasion of Ukraine
ukraine,GPE,Disinformation in the Russian invasion of Ukraine
ukrainians,NORP,Disinformation in the Russian invasion of Ukraine
ukraine putin,GPE,Disinformation in the Russian invasion of Ukraine
sergey lavrov,PERSON,Disinformation in the Russian invasion of Ukraine
un,ORG,Disinformation in the Russian invasion of Ukraine
ukraine ukrainian,ORG,Disinformation in the Russian invasion of Ukraine
nazi,NORP,Disinformation in the Russian invasion of Ukraine
volodymyr zelenskyy,PERSON,Disinformation in the Russian invasion of Ukraine
jewish,NORP,Disinformation in the Russian invasion of Ukraine
jews,NORP,Disinformation in the Russian invasion of Ukraine
kremlin,ORG,Disinformation in the Russian invasion of Ukraine
continuation soviet union great patriotic war,ORG,Disinformation in the Russian invasion of Ukraine
nazi germany,GPE,Disinformation in the Russian invasion of Ukraine
europe,LOC,Disinformation in the Russian invasion of Ukraine
miriam berger,PERSON,Disinformation in the Russian invasion of Ukraine
washington,GPE,Disinformation in the Russian invasion of Ukraine
soviet,NORP,Disinformation in the Russian invasion of Ukraine
timothy snyder,PERSON,Disinformation in the Russian invasion of Ukraine
nazi mean ukrainian,ORG,Disinformation in the Russian invasion of Ukraine
aleksandr,GPE,Disinformation in the Russian invasion of Ukraine
nazism russophobia,ORG,Disinformation in the Russian invasion of Ukraine
putin russia,PERSON,Disinformation in the Russian invasion of Ukraine
wagner,ORG,Disinformation in the Russian invasion of Ukraine
ukraine azov,PERSON,Disinformation in the Russian invasion of Ukraine
luhansk putin,PERSON,Disinformation in the Russian invasion of Ukraine
european commission,ORG,Disinformation in the Russian invasion of Ukraine
united nations high commissioner,ORG,Disinformation in the Russian invasion of Ukraine
ukraine defend,FAC,Disinformation in the Russian invasion of Ukraine
nato putin,PERSON,Disinformation in the Russian invasion of Ukraine
units nato command,ORG,Disinformation in the Russian invasion of Ukraine
iraq,GPE,Disinformation in the Russian invasion of Ukraine
crimea nato,ORG,Disinformation in the Russian invasion of Ukraine
lawrence,PERSON,Disinformation in the Russian invasion of Ukraine
moscow,GPE,Disinformation in the Russian invasion of Ukraine
nato intent geraint hughes,ORG,Disinformation in the Russian invasion of Ukraine
european,NORP,Disinformation in the Russian invasion of Ukraine
mikhail gorbachev,PERSON,Disinformation in the Russian invasion of Ukraine
russia security council,ORG,Disinformation in the Russian invasion of Ukraine
finland,GPE,Disinformation in the Russian invasion of Ukraine
peter dickinson,PERSON,Disinformation in the Russian invasion of Ukraine
atlantic,LOC,Disinformation in the Russian invasion of Ukraine
crimea,ORG,Disinformation in the Russian invasion of Ukraine
yevgeny prigozhin,PERSON,Disinformation in the Russian invasion of Ukraine
putin wagner,PERSON,Disinformation in the Russian invasion of Ukraine
luhansk people republic,PERSON,Disinformation in the Russian invasion of Ukraine
metadata,PERSON,Disinformation in the Russian invasion of Ukraine
video metadata,PERSON,Disinformation in the Russian invasion of Ukraine
china,GPE,Disinformation in the Russian invasion of Ukraine
bbc,ORG,Disinformation in the Russian invasion of Ukraine
united nations,ORG,Disinformation in the Russian invasion of Ukraine
rawnsley kremlin,PERSON,Disinformation in the Russian invasion of Ukraine
georgia,GPE,Disinformation in the Russian invasion of Ukraine
ukraine birds,ORG,Disinformation in the Russian invasion of Ukraine
united states,GPE,Disinformation in the Russian invasion of Ukraine
ukraine march ministry,ORG,Disinformation in the Russian invasion of Ukraine
newcastle,GPE,Disinformation in the Russian invasion of Ukraine
american,NORP,Disinformation in the Russian invasion of Ukraine
eastern ukraine state department,ORG,Disinformation in the Russian invasion of Ukraine
cia,ORG,Disinformation in the Russian invasion of Ukraine
william burns,PERSON,Disinformation in the Russian invasion of Ukraine
defence sergei shoigu similarly,PERSON,Disinformation in the Russian invasion of Ukraine
france,GPE,Disinformation in the Russian invasion of Ukraine
kingdom united states,GPE,Disinformation in the Russian invasion of Ukraine
slovenian radioactive waste management agency,ORG,Disinformation in the Russian invasion of Ukraine
defence ministry telegram channel,ORG,Disinformation in the Russian invasion of Ukraine
bbc moscow,ORG,Disinformation in the Russian invasion of Ukraine
dmitry peskov,PERSON,Disinformation in the Russian invasion of Ukraine
maria ponomarenko,PERSON,Disinformation in the Russian invasion of Ukraine
ukrainian village,GPE,Disinformation in the Russian invasion of Ukraine
united,ORG,Disinformation in the Russian invasion of Ukraine
aleksey pavlov,PERSON,Disinformation in the Russian invasion of Ukraine
berel lazar,PERSON,Disinformation in the Russian invasion of Ukraine
patrick warren,PERSON,Disinformation in the Russian invasion of Ukraine
ukrainian,NORP,Disinformation in the Russian invasion of Ukraine
tass,ORG,Disinformation in the Russian invasion of Ukraine
poland,GPE,Disinformation in the Russian invasion of Ukraine
cnn,ORG,Disinformation in the Russian invasion of Ukraine
steven seagal,PERSON,Disinformation in the Russian invasion of Ukraine
ukraine cnn lower,ORG,Disinformation in the Russian invasion of Ukraine
india,GPE,Disinformation in the Russian invasion of Ukraine
anna ivanivna,PERSON,Disinformation in the Russian invasion of Ukraine
mistook ukrainian,ORG,Disinformation in the Russian invasion of Ukraine
anna,NORP,Disinformation in the Russian invasion of Ukraine
french,NORP,Disinformation in the Russian invasion of Ukraine
radio france internationale rfi,ORG,Disinformation in the Russian invasion of Ukraine
kherson,PERSON,Disinformation in the Russian invasion of Ukraine
united nations estimated,ORG,Disinformation in the Russian invasion of Ukraine
putin 12,PERSON,Disinformation in the Russian invasion of Ukraine
wikipedia wikimedia foundation,ORG,Disinformation in the Russian invasion of Ukraine
zaporizhzhia oblast support,PERSON,Disinformation in the Russian invasion of Ukraine
hamas,ORG,Disinformation in the Russian invasion of Ukraine
dmitry medvedev,PERSON,Disinformation in the Russian invasion of Ukraine
israel,GPE,Disinformation in the Russian invasion of Ukraine
canada,GPE,Disinformation in the Russian invasion of Ukraine
crocus city hall attack ukrainian,ORG,Disinformation in the Russian invasion of Ukraine
national security defense council ukraine confirming ukrainian,ORG,Disinformation in the Russian invasion of Ukraine
ukraine petro,PERSON,Disinformation in the Russian invasion of Ukraine
air force,ORG,Disinformation in the Russian invasion of Ukraine
ukrainska pravda,ORG,Disinformation in the Russian invasion of Ukraine
new york times,ORG,Disinformation in the Russian invasion of Ukraine
control kherson,ORG,Disinformation in the Russian invasion of Ukraine
kherson oblast military disinformation,ORG,Disinformation in the Russian invasion of Ukraine
russian defence ministry group report leak ministry,ORG,Disinformation in the Russian invasion of Ukraine
bbc news,ORG,Disinformation in the Russian invasion of Ukraine
budanov,PERSON,Disinformation in the Russian invasion of Ukraine
africa,LOC,Disinformation in the Russian invasion of Ukraine
belgian,NORP,Disinformation in the Russian invasion of Ukraine
microsoft,ORG,Disinformation in the Russian invasion of Ukraine
cameo,PERSON,Disinformation in the Russian invasion of Ukraine
novaya gazeta,PERSON,Disinformation in the Russian invasion of Ukraine
inosmi mediazona,PERSON,Disinformation in the Russian invasion of Ukraine
novaya gazeta europe,PERSON,Disinformation in the Russian invasion of Ukraine
china bbc,ORG,Disinformation in the Russian invasion of Ukraine
taiwanese,NORP,Disinformation in the Russian invasion of Ukraine
china global television,ORG,Disinformation in the Russian invasion of Ukraine
beijing news,ORG,Disinformation in the Russian invasion of Ukraine
fellow chatham house,ORG,Disinformation in the Russian invasion of Ukraine
ukraine donbas,GPE,Disinformation in the Russian invasion of Ukraine
indonesia,GPE,Disinformation in the Russian invasion of Ukraine
malaysia africa,GPE,Disinformation in the Russian invasion of Ukraine
arab,NORP,Disinformation in the Russian invasion of Ukraine
latin america,LOC,Disinformation in the Russian invasion of Ukraine
indonesian,NORP,Disinformation in the Russian invasion of Ukraine
netizens,ORG,Disinformation in the Russian invasion of Ukraine
putin strongman,PERSON,Disinformation in the Russian invasion of Ukraine
indonesians,NORP,Disinformation in the Russian invasion of Ukraine
muslim,NORP,Disinformation in the Russian invasion of Ukraine
european union eu,ORG,Disinformation in the Russian invasion of Ukraine
ursula von der leyen,PERSON,Disinformation in the Russian invasion of Ukraine
estonia,GPE,Disinformation in the Russian invasion of Ukraine
american social news aggregation,ORG,Disinformation in the Russian invasion of Ukraine
russian,NORP,List of aircraft losses during the Russo-Ukrainian War
wagner group,ORG,List of aircraft losses during the Russo-Ukrainian War
donbas war,ORG,List of aircraft losses during the Russo-Ukrainian War
london,GPE,List of aircraft losses during the Russo-Ukrainian War
russia,GPE,List of aircraft losses during the Russo-Ukrainian War
ukraine ukraine,GPE,List of aircraft losses during the Russo-Ukrainian War
ukraine,NORP,List of aircraft losses during the Russo-Ukrainian War
malaysia,GPE,List of aircraft losses during the Russo-Ukrainian War
donbas donbas,PERSON,War in Donbas
russian,NORP,War in Donbas
russia,GPE,War in Donbas
ukraine,GPE,War in Donbas
russian russian proxy,NORP,War in Donbas
ussr constituent republic ukraine,GPE,War in Donbas
putin sought draw ukraine closer,PERSON,War in Donbas
soviet,NORP,War in Donbas
kremlin,ORG,War in Donbas
european union eu,ORG,War in Donbas
ukraine parliament,ORG,War in Donbas
eu russia,PERSON,War in Donbas
donbas national,ORG,War in Donbas
ukrainian,NORP,War in Donbas
oleksandr turchynov,PERSON,War in Donbas
makiivka druzhkivka zhdanivka,PERSON,War in Donbas
insignia girkin,ORG,War in Donbas
donbas war,ORG,War in Donbas
yuri dyakovsky,GPE,War in Donbas
ukrainska pravda,PERSON,War in Donbas
horlivka city council,ORG,War in Donbas
krasnyi,GPE,War in Donbas
ukrinform state news agency,ORG,War in Donbas
arseniy yatsenyuk,PERSON,War in Donbas
ukraine part,GPE,War in Donbas
airfield kramatorsk skirmish,PERSON,War in Donbas
donbas people militia,ORG,War in Donbas
ukraine airfield,PERSON,War in Donbas
city kramatorsk,PERSON,War in Donbas
kostiantynivka,ORG,War in Donbas
luhansk,PERSON,War in Donbas
defence ministry,ORG,War in Donbas
arsen avakov,PERSON,War in Donbas
bbc,ORG,War in Donbas
irina voropoyeva,PERSON,War in Donbas
luhansk people republic,PERSON,War in Donbas
luhansk people republic town,PERSON,War in Donbas
luhansk people republic captured,PERSON,War in Donbas
kramatorsk,PERSON,War in Donbas
building national guard,ORG,War in Donbas
national guard forces,ORG,War in Donbas
national news,ORG,War in Donbas
church moscow,ORG,War in Donbas
igor girkin,PERSON,War in Donbas
nato,ORG,War in Donbas
donbas similarly,ORG,War in Donbas
luhansk people,PERSON,War in Donbas
bbc news,ORG,War in Donbas
rubizhne luhansk,PERSON,War in Donbas
kherson,PERSON,War in Donbas
mykolaiv zaporizhzhia odesa declaration,PERSON,War in Donbas
donbas battalion volunteer,ORG,War in Donbas
donbas,PERSON,War in Donbas
igor bezler,PERSON,War in Donbas
luhansk morning,PERSON,War in Donbas
national guard,ORG,War in Donbas
moscow,GPE,War in Donbas
mykhailo koval,PERSON,War in Donbas
rsa building luhansk city,ORG,War in Donbas
europe,LOC,War in Donbas
cnn,ORG,War in Donbas
air force,ORG,War in Donbas
semenivka,ORG,War in Donbas
krasnyi lyman,PERSON,War in Donbas
luhansk city,GPE,War in Donbas
sverdlovsk national guard base,ORG,War in Donbas
denis pushilin,PERSON,War in Donbas
reuters,ORG,War in Donbas
state department bureau intelligence research,ORG,War in Donbas
dpr denis,PERSON,War in Donbas
ukrainian defence ministry,ORG,War in Donbas
ukraine anton heraschenko,PERSON,War in Donbas
luhansk international airport,ORG,War in Donbas
checkpoint luhansk,PERSON,War in Donbas
yampil,GPE,War in Donbas
control luhansk international airport,ORG,War in Donbas
zoryan,PERSON,War in Donbas
alexander borodai,PERSON,War in Donbas
kramatorsk bbc news,PERSON,War in Donbas
druzhkivka kostyantynivka artemivsk,ORG,War in Donbas
oleksandr lukyanchenko,PERSON,War in Donbas
valeriy heletey,PERSON,War in Donbas
army,ORG,War in Donbas
mortars airport,ORG,War in Donbas
luhansk city administration,ORG,War in Donbas
area city,ORG,War in Donbas
luhansk international airport lpr,ORG,War in Donbas
air force ukraine ukrainian government denied,ORG,War in Donbas
malaysia airlines,ORG,War in Donbas
malaysia,GPE,War in Donbas
netherlands,GPE,War in Donbas
australia,GPE,War in Donbas
dutch,NORP,War in Donbas
jit buk,PERSON,War in Donbas
mh17,PRODUCT,War in Donbas
netherlands australia,ORG,War in Donbas
city administration,ORG,War in Donbas
luhansk airport secured government forces,FAC,War in Donbas
city city,GPE,War in Donbas
horlivka city,GPE,War in Donbas
russians,NORP,War in Donbas
donbas battalion,ORG,War in Donbas
vesela hora kamysheve,PERSON,War in Donbas
luhansk airport press centre government military,ORG,War in Donbas
australian,NORP,War in Donbas
vladimir putin,PERSON,War in Donbas
luhansk horlivka flee,PERSON,War in Donbas
sergei kravchenko,PERSON,War in Donbas
national security defence council,ORG,War in Donbas
stepanivka hryhorivka krasny yar pobeda,PERSON,War in Donbas
komyshne novohannivka krasna,PERSON,War in Donbas
talivka,ORG,War in Donbas
dmytrivka sabivka luhansk airport,PERSON,War in Donbas
nom de guerre tsar girkin,PERSON,War in Donbas
rasmussen,PERSON,War in Donbas
dpr alexander,PERSON,War in Donbas
luhansk hit grad rockets,PERSON,War in Donbas
national security defence council ukraine,ORG,War in Donbas
aleksandr zakharchenko,ORG,War in Donbas
internal affairs ministry,ORG,War in Donbas
defence ministry send help,ORG,War in Donbas
novoazovsk,GPE,War in Donbas
dnipro donbas battalions,PERSON,War in Donbas
sergei lavrov,PERSON,War in Donbas
kolosky,NORP,War in Donbas
russian defence ministry,ORG,War in Donbas
ukraine mistake,GPE,War in Donbas
new york,GPE,War in Donbas
us state department,ORG,War in Donbas
jen psaki,PERSON,War in Donbas
kalininskyi,GPE,War in Donbas
nico tak,PERSON,War in Donbas
new york times,ORG,War in Donbas
komsomolske,ORG,War in Donbas
shyrokyne bezimenne,PERSON,War in Donbas
east city,GPE,War in Donbas
debaltseve petrovske,PERSON,War in Donbas
un,ORG,War in Donbas
united nations high commissioner human rights ohchr,ORG,War in Donbas
philip breedlove,PERSON,War in Donbas
bbc report,ORG,War in Donbas
american,NORP,War in Donbas
european,NORP,War in Donbas
nikolai kozitsyn,PERSON,War in Donbas
alexander zakharchenko,PERSON,War in Donbas
andrey purgin,PERSON,War in Donbas
donbas article,ORG,War in Donbas
shyrokyne morning,PRODUCT,War in Donbas
french,NORP,War in Donbas
german,NORP,War in Donbas
angela merkel,PERSON,War in Donbas
shyrokyne,NORP,War in Donbas
andriy biletsky,PERSON,War in Donbas
minsk ii,ORG,War in Donbas
stepan poltorak,PERSON,War in Donbas
georgian,NORP,War in Donbas
abkhazia,GPE,War in Donbas
azerbaijan,GPE,War in Donbas
tom burridge,PERSON,War in Donbas
tass,ORG,War in Donbas
donbas secretary general organization security europe,ORG,War in Donbas
lamberto zannier,PERSON,War in Donbas
sergey lavrov,PERSON,War in Donbas
zannier,PERSON,War in Donbas
luhansk territories,GPE,War in Donbas
united states,GPE,War in Donbas
washington,GPE,War in Donbas
control ukrainian armed forces,ORG,War in Donbas
east european,NORP,War in Donbas
volodymyr zelenskyy,PERSON,War in Donbas
emmanuel macron,PERSON,War in Donbas
paris,GPE,War in Donbas
normandy format,PERSON,War in Donbas
ukrainian independence day,EVENT,War in Donbas
ruslan khomchak,PERSON,War in Donbas
russian state news,NORP,War in Donbas
dmitry kozak,PERSON,War in Donbas
vienna,GPE,War in Donbas
france,GPE,War in Donbas
germany,GPE,War in Donbas
buildup united states,GPE,War in Donbas
white house,ORG,War in Donbas
dnr,ORG,War in Donbas
grey zone,GPE,War in Donbas
vyacheslav volodin,PERSON,War in Donbas
chechen,NORP,War in Donbas
nikolai mitrokhin,PERSON,War in Donbas
ukraine obedient command,ORG,War in Donbas
royal united services institute,ORG,War in Donbas
european union nato,ORG,War in Donbas
ukraine united states,GPE,War in Donbas
putin,PERSON,War in Donbas
united nations high commissioner human rights separatist forces,ORG,War in Donbas
italian,NORP,War in Donbas
us department,ORG,War in Donbas
united nations,ORG,War in Donbas
eastern ukraine abducting,ORG,War in Donbas
lyashko,ORG,War in Donbas
united nations office high commissioner human rights ohchr,ORG,War in Donbas
unhcr,ORG,War in Donbas
donbas ukraine,PERSON,War in Donbas
russian federation plus,ORG,War in Donbas
italy germany,GPE,War in Donbas
spain,GPE,War in Donbas
poland,GPE,War in Donbas
international republican institute poll,ORG,War in Donbas
western ukraine,NORP,War in Donbas
levada kyiv international institute,ORG,War in Donbas
marsh mira,PERSON,War in Donbas
crimean,GPE,War in Donbas
boris nemtsov,PERSON,War in Donbas
rada,ORG,War in Donbas
oleksandr,GPE,War in Donbas
ukraine international committee red cross,ORG,War in Donbas
russia reuters,ORG,War in Donbas
amnesty international,ORG,War in Donbas
amnesty international salil shetty,ORG,War in Donbas
european union,ORG,War in Donbas
eu,PERSON,War in Donbas
eastern ukraine,ORG,War in Donbas
rome,GPE,War in Donbas
nato nato,ORG,War in Donbas
ukraine district court,ORG,War in Donbas
forces european court,ORG,War in Donbas
eastern ukraine spatial jurisdiction,ORG,War in Donbas
eastern ukraine journal,ORG,War in Donbas
russian,NORP,List of wars between Russia and Ukraine
battle chudnov,PERSON,List of wars between Russia and Ukraine
russia,GPE,List of wars between Russia and Ukraine
moscow,GPE,List of wars between Russia and Ukraine
ukraine muscovite,ORG,List of wars between Russia and Ukraine
koliivshchyna 1768,PERSON,List of wars between Russia and Ukraine
soviet,NORP,List of wars between Russia and Ukraine
yar republic,PERSON,List of wars between Russia and Ukraine
national army,ORG,List of wars between Russia and Ukraine
bolsheviks ukrainian insurgent army resistance ukrainian insurgent army war ukrainian insurgent army soviet union,ORG,List of wars between Russia and Ukraine
ukraine crimea,ORG,List of wars between Russia and Ukraine
russia,GPE,Russian-occupied territories of Ukraine
okupovana,PERSON,Russian-occupied territories of Ukraine
crimean,PRODUCT,Russian-occupied territories of Ukraine
ukraine donbas,GPE,Russian-occupied territories of Ukraine
russian,NORP,Russian-occupied territories of Ukraine
kherson luhansk zaporizhzhia,PERSON,Russian-occupied territories of Ukraine
un general assembly,ORG,Russian-occupied territories of Ukraine
km2 sq mi ukrainian,ORG,Russian-occupied territories of Ukraine
kremlin,ORG,Russian-occupied territories of Ukraine
vladimir putin,PERSON,Russian-occupied territories of Ukraine
united nations general assembly resolution,ORG,Russian-occupied territories of Ukraine
un,ORG,Russian-occupied territories of Ukraine
territories ukrainian government ministry oversees government,ORG,Russian-occupied territories of Ukraine
army,ORG,Russian-occupied territories of Ukraine
russian naval coast guard,ORG,Russian-occupied territories of Ukraine
zhdanivka khrestivka,PERSON,Russian-occupied territories of Ukraine
snizhne chystiakove,PERSON,Russian-occupied territories of Ukraine
pryberezhne dolomitne,PERSON,Russian-occupied territories of Ukraine
molodizhne novomykolaivka nova olenivka,ORG,Russian-occupied territories of Ukraine
luhanske oleksandrivka staromykhailivka syhnalne,PERSON,Russian-occupied territories of Ukraine
novoazovsk,GPE,Russian-occupied territories of Ukraine
spartak yakovlivka kruta balka kashtanove,ORG,Russian-occupied territories of Ukraine
vasylivka luhansk,PERSON,Russian-occupied territories of Ukraine
holubivka khrustalnyi,PERSON,Russian-occupied territories of Ukraine
zholobok kalynove kruhlyk molodizhne mius novooleksandrivka chornukhyne zolote,ORG,Russian-occupied territories of Ukraine
stanytsia luhanska,PERSON,Russian-occupied territories of Ukraine
mykolaivka sukhodil,GPE,Russian-occupied territories of Ukraine
europe,LOC,Russian-occupied territories of Ukraine
russians,NORP,Russian-occupied territories of Ukraine
skadovsk,GPE,Russian-occupied territories of Ukraine
south bank,GPE,Russian-occupied territories of Ukraine
city kherson north bank,PERSON,Russian-occupied territories of Ukraine
kherson,PERSON,Russian-occupied territories of Ukraine
kherson zaporizhzhia,PERSON,Russian-occupied territories of Ukraine
city kherson,ORG,Russian-occupied territories of Ukraine
enerhodar zaporizhzhia,PERSON,Russian-occupied territories of Ukraine
ukraine,GPE,Russian-occupied territories of Ukraine
nova,LOC,Russian-occupied territories of Ukraine
safari,PERSON,Russian-occupied territories of Ukraine
iryna vereshchuk,PERSON,Russian-occupied territories of Ukraine
bolivia,GPE,Russian-occupied territories of Ukraine
cuba,GPE,Russian-occupied territories of Ukraine
nicaragua,GPE,Russian-occupied territories of Ukraine
north korea,GPE,Russian-occupied territories of Ukraine
syria,GPE,Russian-occupied territories of Ukraine
venezuela,GPE,Russian-occupied territories of Ukraine
united nations general assembly resolution united nations,ORG,Russian-occupied territories of Ukraine
crimea city,GPE,Russian-occupied territories of Ukraine
united nations general assembly,ORG,Russian-occupied territories of Ukraine
united nations general assembly resolution condemn,ORG,Russian-occupied territories of Ukraine
malaysia,GPE,Russian-occupied territories of Ukraine
georgia,GPE,Russian-occupied territories of Ukraine
russian,NORP,Russian information war against Ukraine
soviet,NORP,Russian information war against Ukraine
russia,GPE,Russian information war against Ukraine
kremlin,ORG,Russian information war against Ukraine
russians,NORP,Russian information war against Ukraine
nato,ORG,Russian information war against Ukraine
united states,GPE,Russian information war against Ukraine
marine corps,ORG,Russian information war against Ukraine
ukraine,GPE,Russian information war against Ukraine
propaganda,GPE,Russian information war against Ukraine
putin,PERSON,Russian information war against Ukraine
russian federation cultural economic territorial restoration,ORG,Russian information war against Ukraine
soviet zone,GPE,Russian information war against Ukraine
europe,LOC,Russian information war against Ukraine
asia,LOC,Russian information war against Ukraine
george bush,PERSON,Russian information war against Ukraine
george ukraine,PERSON,Russian information war against Ukraine
communist party,ORG,Russian information war against Ukraine
united russia party,ORG,Russian information war against Ukraine
vladimir bukovsky,PERSON,Russian information war against Ukraine
vladimir putin,PERSON,Russian information war against Ukraine
catastrophe putin,PERSON,Russian information war against Ukraine
nato eastern europe,ORG,Russian information war against Ukraine
conflict russia nato geopolitics desire,ORG,Russian information war against Ukraine
national security defense council,ORG,Russian information war against Ukraine
ukraine nsdc,PERSON,Russian information war against Ukraine
yugoslavia,GPE,Russian information war against Ukraine
georgiy savitsky battlefield,PERSON,Russian information war against Ukraine
crimean,NORP,Russian information war against Ukraine
moscow,GPE,Russian information war against Ukraine
novaya gazeta,PERSON,Russian information war against Ukraine
bbc,ORG,Russian information war against Ukraine
sazonov similarly,ORG,Russian information war against Ukraine
georgia,GPE,Russian information war against Ukraine
dmitry medvedev,PERSON,Russian information war against Ukraine
medvedev advisor,FAC,Russian information war against Ukraine
channel one,ORG,Russian information war against Ukraine
russian english,NORP,Russian information war against Ukraine
european union suspended television,ORG,Russian information war against Ukraine
ukraine mayakovsky theatre,PERSON,Russian information war against Ukraine
sauer guardian,ORG,Russian information war against Ukraine
us nato,ORG,Russian information war against Ukraine
chatham house,ORG,Russian information war against Ukraine
british,NORP,Russian information war against Ukraine
mediazona,GPE,Russian information war against Ukraine
timofei,GPE,Russian information war against Ukraine
fogh rasmussen,PERSON,Russian information war against Ukraine
phil dog,PERSON,Russian information war against Ukraine
afghanistan,GPE,Russian information war against Ukraine
bbc news,ORG,Russian information war against Ukraine
tucker carlson,PERSON,Russian information war against Ukraine
taylor,PERSON,Russian information war against Ukraine
ukraine wealthiest,GPE,Russian information war against Ukraine
ukraine supports,GPE,Russian information war against Ukraine
ukraine viktor pinchuk,ORG,Russian information war against Ukraine
liovochkin ran,ORG,Russian information war against Ukraine
igor kolomoisky,PERSON,Russian information war against Ukraine
grey,ORG,Russian information war against Ukraine
jeansa,ORG,Russian information war against Ukraine
inter media group,ORG,Russian information war against Ukraine
starlightmedia,ORG,Russian information war against Ukraine
ukraine petro,PERSON,Russian information war against Ukraine
kurchenko,PERSON,Russian information war against Ukraine
youth entertainment tv,ORG,Russian information war against Ukraine
channel news,ORG,Russian information war against Ukraine
segodnya,GPE,Russian information war against Ukraine
rt,ORG,Russian information war against Ukraine
new york,GPE,Russian information war against Ukraine
paris,GPE,Russian information war against Ukraine
ovsyannikova,ORG,Russian information war against Ukraine
german,NORP,Russian information war against Ukraine
john kerry,PERSON,Russian information war against Ukraine
stepan gulevaty,PERSON,Russian information war against Ukraine
victor zhora,PERSON,Russian information war against Ukraine
greg pryatt,PERSON,Russian information war against Ukraine
us,GPE,Russian information war against Ukraine
european,NORP,Russian information war against Ukraine
malaysia,GPE,Russian information war against Ukraine
malaysian,NORP,Russian information war against Ukraine
mh17,PRODUCT,Russian information war against Ukraine
carlos,PERSON,Russian information war against Ukraine
komsomoloskaya pravda,PERSON,Russian information war against Ukraine
cia,ORG,Russian information war against Ukraine
english,NORP,Russian information war against Ukraine
google,ORG,Russian information war against Ukraine
eastern ukraine,NORP,Russian information war against Ukraine
black sea sea,LOC,Russian information war against Ukraine
canadian,NORP,Russian information war against Ukraine
united nations bob rae,PERSON,Russian information war against Ukraine
zaporizhzhia kremlin,PERSON,Russian information war against Ukraine
un,ORG,Russian information war against Ukraine
nazi,NORP,Russian information war against Ukraine
nina khrushcheva,PERSON,Russian information war against Ukraine
alluding george orwell,PERSON,Russian information war against Ukraine
putin russia,PERSON,Russian information war against Ukraine
mcglynn,PERSON,Russian information war against Ukraine
russia city zaporizhzhia,GPE,Russian information war against Ukraine
ukraine ties,GPE,Russian information war against Ukraine
western ukraine,NORP,Russian information war against Ukraine
soviets,NORP,Russian information war against Ukraine
world war ii,EVENT,Russian information war against Ukraine
dmytro yarosh,PERSON,Russian information war against Ukraine
chechen,NORP,Russian information war against Ukraine
odnoklassniki,PERSON,Russian information war against Ukraine
washington post 2014,ORG,Russian information war against Ukraine
msnbc,ORG,Russian information war against Ukraine
russian wikipedia,PERSON,Russian information war against Ukraine
ukrainians,NORP,Russian information war against Ukraine
eu,PERSON,Russian information war against Ukraine
sergey lavrov,PERSON,Russian information war against Ukraine
crimea,ORG,Russian information war against Ukraine
sergey aksyonov,PERSON,Russian information war against Ukraine
annexation crimea,ORG,Russian information war against Ukraine
apu serviceman sergei,PERSON,Russian information war against Ukraine
kokurin,GPE,Russian information war against Ukraine
marine battalion,ORG,Russian information war against Ukraine
yarema,PERSON,Russian information war against Ukraine
kramatorsk,PERSON,Russian information war against Ukraine
story eu,PERSON,Russian information war against Ukraine
camps ukraine construction,ORG,Russian information war against Ukraine
byte,ORG,Russian information war against Ukraine
anton,PERSON,Russian information war against Ukraine
defense ministry recruitment campaign,ORG,Russian information war against Ukraine
tyzhden,PERSON,Russian information war against Ukraine
331st,PERSON,Russian information war against Ukraine
andriy lysenko,PERSON,Russian information war against Ukraine
pravda,ORG,Russian information war against Ukraine
jewish,NORP,Russian information war against Ukraine
mikhail maiman,PERSON,Russian information war against Ukraine
cec,ORG,Russian information war against Ukraine
ukrainian ministry information created,ORG,Russian information war against Ukraine
democratic,NORP,Russian information war against Ukraine
jens stoltenberg,PERSON,Russian information war against Ukraine
natalia,GPE,Russian information war against Ukraine
american,NORP,Russian information war against Ukraine
strait incident eu,ORG,Russian information war against Ukraine
julian king,PERSON,Russian information war against Ukraine
blow crimean bridge,ORG,Russian information war against Ukraine
novye,GPE,Russian information war against Ukraine
ukraine akhmetov,GPE,Russian information war against Ukraine
united kingdom,GPE,Russian information war against Ukraine
joe biden,PERSON,Russian information war against Ukraine
vacuum bomb ukrainian army base northeastern,ORG,Russian information war against Ukraine
bbc voice america,ORG,Russian information war against Ukraine
london,GPE,Russian information war against Ukraine
chernihiv mariupol theatre airstrike,ORG,Russian information war against Ukraine
tass,ORG,Russian information war against Ukraine
igor konashenkov,PERSON,Russian information war against Ukraine
mikhail mizintsev,PERSON,Russian information war against Ukraine
united nations,ORG,Russian information war against Ukraine
tennessee national guard,ORG,Russian information war against Ukraine
luhansk prosecutor general office leonid tkachenko,ORG,Russian information war against Ukraine
luhansk airport video,FAC,Russian information war against Ukraine
eve dutch referendum association,ORG,Russian information war against Ukraine
netherlands,GPE,Russian information war against Ukraine
putin chef accused,PERSON,Russian information war against Ukraine
ukraine azov battalion,ORG,Russian information war against Ukraine
reaktiv chemical,ORG,Russian information war against Ukraine
chengar kharkiv,PERSON,Russian information war against Ukraine
patrick warren,PERSON,Russian information war against Ukraine
certainty united states,GPE,Russian information war against Ukraine
laura edelson ukraine,PERSON,Russian information war against Ukraine
peter singer,PERSON,Russian information war against Ukraine
new america,LOC,Russian information war against Ukraine
washington,GPE,Russian information war against Ukraine
ussian,GPE,Russian information war against Ukraine
luke skywalker zelenskyy,PERSON,Russian information war against Ukraine
canada,GPE,Russian information war against Ukraine
united kingdom european union,GPE,Russian information war against Ukraine
congress,ORG,Russian information war against Ukraine
needling putin,PERSON,Russian information war against Ukraine
putin previous,PERSON,Russian information war against Ukraine
putin rococo socially,PERSON,Russian information war against Ukraine
william shakespeare cry,PERSON,Russian information war against Ukraine
danish timothy naftali,PERSON,Russian information war against Ukraine
danish,NORP,Russian information war against Ukraine
chinese,NORP,Russian information war against Ukraine
china,GPE,Russian information war against Ukraine
cuban,NORP,Russian information war against Ukraine
iran,GPE,Russian information war against Ukraine
tehran,GPE,Russian information war against Ukraine
latin america,LOC,Russian information war against Ukraine
vietnam,EVENT,Russian information war against Ukraine
south africa,GPE,Russian information war against Ukraine
african national congress,ORG,Russian information war against Ukraine
anc,ORG,Russian information war against Ukraine
zmiinyi snake island,PERSON,Russian information war against Ukraine
david goliath,PERSON,Russian information war against Ukraine
daniel johnson,PERSON,Russian information war against Ukraine
roy park,PERSON,Russian information war against Ukraine
unc hussman school,ORG,Russian information war against Ukraine
kelm kulchynsky romanenko,PERSON,Russian information war against Ukraine
332pp,FAC,Russian information war against Ukraine
academy publishing house,ORG,Russian information war against Ukraine
dnr,ORG,Russian information war against Ukraine
issn,ORG,Russian information war against Ukraine
zolotukhin yu,PERSON,Russian information war against Ukraine
384pp,FAC,Russian information war against Ukraine
jolanta darczewska,PERSON,Russian information war against Ukraine
david frum,PERSON,Russian information war against Ukraine
christopher paul miriam matthews,PERSON,Russian information war against Ukraine
bret perry,PERSON,Russian information war against Ukraine
peter pomerantsev,PERSON,Russian information war against Ukraine
michael weiss,PERSON,Russian information war against Ukraine
maria snegovaya,PERSON,Russian information war against Ukraine
ukraine soviet,GPE,Russian information war against Ukraine
ukraine bbc,PERSON,Russian information war against Ukraine
voropaeva          ,PRODUCT,Russian information war against Ukraine
zhdanova,GPE,Russian information war against Ukraine
putin links,PERSON,Russian information war against Ukraine
putin asymmetric assault,PERSON,Russian information war against Ukraine
russia,GPE,Child abductions in the Russo-Ukrainian War
russian,NORP,Child abductions in the Russo-Ukrainian War
homeland united nations,ORG,Child abductions in the Russo-Ukrainian War
vladimir putin,PERSON,Child abductions in the Russo-Ukrainian War
denysova,ORG,Child abductions in the Russo-Ukrainian War
sergiy kyslytsya,PERSON,Child abductions in the Russo-Ukrainian War
ukraine,GPE,Child abductions in the Russo-Ukrainian War
ukrainska,GPE,Child abductions in the Russo-Ukrainian War
pravda,ORG,Child abductions in the Russo-Ukrainian War
cctv footage,ORG,Child abductions in the Russo-Ukrainian War
kherson,PERSON,Child abductions in the Russo-Ukrainian War
cctv,ORG,Child abductions in the Russo-Ukrainian War
mikhail mizintsev,PERSON,Child abductions in the Russo-Ukrainian War
united nations,ORG,Child abductions in the Russo-Ukrainian War
un security council,ORG,Child abductions in the Russo-Ukrainian War
reuters,ORG,Child abductions in the Russo-Ukrainian War
zaporizhzhia,PERSON,Child abductions in the Russo-Ukrainian War
magadan,NORP,Child abductions in the Russo-Ukrainian War
russian far east,NORP,Child abductions in the Russo-Ukrainian War
pacific coast,LOC,Child abductions in the Russo-Ukrainian War
united nations commission,ORG,Child abductions in the Russo-Ukrainian War
bbc news,ORG,Child abductions in the Russo-Ukrainian War
mironov putin,PERSON,Child abductions in the Russo-Ukrainian War
new york,ORG,Child abductions in the Russo-Ukrainian War
yale school public health humanitarian research lab children,ORG,Child abductions in the Russo-Ukrainian War
putin maria,PERSON,Child abductions in the Russo-Ukrainian War
ukraine ombudsman children rights,ORG,Child abductions in the Russo-Ukrainian War
belarusian involvement belarusian state organisations,ORG,Child abductions in the Russo-Ukrainian War
belarusian organisation headed belarusian opposition figure pavel latushka,ORG,Child abductions in the Russo-Ukrainian War
shown belarusian state television indications efforts,ORG,Child abductions in the Russo-Ukrainian War
red cross,ORG,Child abductions in the Russo-Ukrainian War
red cross red crescent,ORG,Child abductions in the Russo-Ukrainian War
belarusian,NORP,Child abductions in the Russo-Ukrainian War
lukashenko,PERSON,Child abductions in the Russo-Ukrainian War
european union,ORG,Child abductions in the Russo-Ukrainian War
united states,GPE,Child abductions in the Russo-Ukrainian War
ukraine australia,ORG,Child abductions in the Russo-Ukrainian War
maria,PERSON,Child abductions in the Russo-Ukrainian War
united states european union,ORG,Child abductions in the Russo-Ukrainian War
united kingdom canada australia,ORG,Child abductions in the Russo-Ukrainian War
putin,PERSON,Child abductions in the Russo-Ukrainian War
article 8 2,LAW,Child abductions in the Russo-Ukrainian War
rome,GPE,Child abductions in the Russo-Ukrainian War
united nations security council icc prosecutor karim khan,ORG,Child abductions in the Russo-Ukrainian War
africa,LOC,Child abductions in the Russo-Ukrainian War
putin decree,PERSON,Child abductions in the Russo-Ukrainian War
zelenskiy,ORG,Child abductions in the Russo-Ukrainian War
manuel fontaine,PERSON,Child abductions in the Russo-Ukrainian War
cbs news,ORG,Child abductions in the Russo-Ukrainian War
united nations high commissioner human,ORG,Child abductions in the Russo-Ukrainian War
united nations high commissioner,ORG,Child abductions in the Russo-Ukrainian War
ukraine russian federation,GPE,Child abductions in the Russo-Ukrainian War
french,LANGUAGE,Child abductions in the Russo-Ukrainian War
karim khan,PERSON,Child abductions in the Russo-Ukrainian War
raoul wallenberg,PERSON,Child abductions in the Russo-Ukrainian War
washington,GPE,Child abductions in the Russo-Ukrainian War
article 2 section,LAW,Child abductions in the Russo-Ukrainian War
british,NORP,Child abductions in the Russo-Ukrainian War
martin shaw,PERSON,Child abductions in the Russo-Ukrainian War
dmytro koval,ORG,Child abductions in the Russo-Ukrainian War
europe,LOC,Child abductions in the Russo-Ukrainian War
canadian,NORP,Child abductions in the Russo-Ukrainian War
indian,NORP,Child abductions in the Russo-Ukrainian War
nazi germany,ORG,Child abductions in the Russo-Ukrainian War
nazi germany eugenics program,ORG,Child abductions in the Russo-Ukrainian War
japanese,NORP,Child abductions in the Russo-Ukrainian War
australian,NORP,Child abductions in the Russo-Ukrainian War
white australian,ORG,Child abductions in the Russo-Ukrainian War
israel,GPE,Child abductions in the Russo-Ukrainian War
jerusalem,GPE,Child abductions in the Russo-Ukrainian War
michela,GPE,Child abductions in the Russo-Ukrainian War
abc news,ORG,Child abductions in the Russo-Ukrainian War
olesia bida,PERSON,Child abductions in the Russo-Ukrainian War
russia,GPE,Timeline of the Russian invasion of Ukraine
russian,NORP,Timeline of the Russian invasion of Ukraine
nato,ORG,Timeline of the Russian invasion of Ukraine
united states,GPE,Timeline of the Russian invasion of Ukraine
ukraine,GPE,Timeline of the Russian invasion of Ukraine
us,GPE,Timeline of the Russian invasion of Ukraine
joe biden,PERSON,Timeline of the Russian invasion of Ukraine
vladimir putin,PERSON,Timeline of the Russian invasion of Ukraine
putin proposesd prohibition,PERSON,Timeline of the Russian invasion of Ukraine
nato ukraine,ORG,Timeline of the Russian invasion of Ukraine
soviet,NORP,Timeline of the Russian invasion of Ukraine
second cold war,EVENT,Timeline of the Russian invasion of Ukraine
russian,NORP,Russian war crimes
russia,GPE,Russian war crimes
luhansk people,GPE,Russian war crimes
georgia,GPE,Russian war crimes
ukraine,GPE,Russian war crimes
syria,GPE,Russian war crimes
sans,NORP,Russian war crimes
united nations high commissioner human rights ohchr,ORG,Russian war crimes
echr,GPE,Russian war crimes
united nations general assembly resolution,ORG,Russian war crimes
un human rights council,ORG,Russian war crimes
vladimir putin,PERSON,Russian war crimes
soviet,NORP,Russian war crimes
chechen,NORP,Russian war crimes
first chechen war,EVENT,Russian war crimes
world war ii,EVENT,Russian war crimes
europe,LOC,Russian war crimes
dmitri volkogonov,PERSON,Russian war crimes
western chechen,ORG,Russian war crimes
mikhail gorbachev,PERSON,Russian war crimes
german,NORP,Russian war crimes
helmut kohl,PERSON,Russian war crimes
united nations commission,ORG,Russian war crimes
second chechen war,EVENT,Russian war crimes
vladimir shamanov,PERSON,Russian war crimes
novye aldi,PERSON,Russian war crimes
putin,PERSON,Russian war crimes
united nations called,ORG,Russian war crimes
delegates international committee red cross,ORG,Russian war crimes
atagi,NORP,Russian war crimes
aleksandr lebed,ORG,Russian war crimes
chechnya,GPE,Russian war crimes
georgian,NORP,Russian war crimes
abkhazia,NORP,Russian war crimes
russians,NORP,Russian war crimes
un,ORG,Russian war crimes
imprecise grad,PERSON,Russian war crimes
article 3 geneva conventions,LAW,Russian war crimes
aleksey,NORP,Russian war crimes
denis krivosheev,PERSON,Russian war crimes
malaysia,GPE,Russian war crimes
united nations,ORG,Russian war crimes
north south east,LOC,Russian war crimes
wanton destruction,ORG,Russian war crimes
ukraine capital,GPE,Russian war crimes
kherson,PERSON,Russian war crimes
bbc news,ORG,Russian war crimes
kramatorsk vinnytsia chasiv yar serhiivka,PERSON,Russian war crimes
raoul wallenberg,PERSON,Russian war crimes
russian 2022,EVENT,Russian war crimes
un humanitarian coordinator ukraine,ORG,Russian war crimes
lyman cluster bombing war crime night,ORG,Russian war crimes
khmelnytskyi dnipropetrovsk,ORG,Russian war crimes
sumy cherkasy,ORG,Russian war crimes
odesa zaporizhzhia,PERSON,Russian war crimes
avdiivka,ORG,Russian war crimes
carl conetta,PERSON,Russian war crimes
yugoslav,NORP,Russian war crimes
iraq war,EVENT,Russian war crimes
syrian,NORP,Russian war crimes
amnesty international,ORG,Russian war crimes
tirana hassan,ORG,Russian war crimes
russian syrian,NORP,Russian war crimes
soviet union,GPE,Russian war crimes
united nations human rights council,ORG,Russian war crimes
african,NORP,Russian war crimes
wagner group,ORG,Russian war crimes
wagner,ORG,Russian war crimes
african republic,NORP,Russian war crimes
agbado massacre,ORG,Russian war crimes
chechen budanov,PERSON,Russian war crimes
sergey lapin,PERSON,Russian war crimes
zelimkhan,GPE,Russian war crimes
dutch,NORP,Russian war crimes
malaysia airlines flight 17,EVENT,Russian war crimes
russian 53rd,LOC,Russian war crimes
kursk,PRODUCT,Russian war crimes
netherlands,GPE,Russian war crimes
mh17,PRODUCT,Russian war crimes
girkin dubinsky kharchenko,PERSON,Russian war crimes
denis kulikovsky,PERSON,Russian war crimes
senate,ORG,Russian war crimes
poland ukraine canada,ORG,Russian war crimes
estonia,GPE,Russian war crimes
latvia,GPE,Russian war crimes
lithuania republic ireland,GPE,Russian war crimes
mikhailo kulikov,PERSON,Russian war crimes
borova,ORG,Russian war crimes
sergei shoigu,PERSON,Russian war crimes
malaysia airlines,ORG,Russian war crimes
russia un human rights council due war crimes,ORG,Russian war crimes
european,NORP,Russian war crimes
alexander lukashenko,PERSON,Russian war crimes
kadyrov head,PERSON,Russian war crimes
chechen republic chechen,PERSON,Russian war crimes
national guard,ORG,Russian war crimes
delimkhanov commander,PERSON,Russian war crimes
mariupol assault city denis,ORG,Russian war crimes
european court,ORG,Russian war crimes
icc prosecutor karim,PERSON,Russian war crimes
ahmad khan,PERSON,Russian war crimes
putin russia,PERSON,Russian war crimes
us,GPE,Russian war crimes
joe biden,PERSON,Russian war crimes
ukraine brought,PERSON,Russian war crimes
pdf amnesty,ORG,Russian war crimes
pdf london,ORG,Russian war crimes
pdf hague,ORG,Russian war crimes
syrian arab,NORP,Russian war crimes
syrian arab republic,NORP,Russian war crimes
pdf,ORG,Russian war crimes
robert kalyk,PERSON,Russian war crimes
matthew 2018,PERSON,Russian war crimes
rafael thompson william,PERSON,Russian war crimes
princeton university,ORG,Russian war crimes
russian civil war,EVENT,Russian war crimes
new york,GPE,Russian war crimes
taylor,PERSON,Russian war crimes
hans asha 2018,PERSON,Russian war crimes
rachel gilmore,PERSON,Russian war crimes
putin hague,PERSON,Russian war crimes
ctv news,ORG,Russian war crimes
putin war,EVENT,Russian war crimes
washington,GPE,Russian war crimes
kenneth roth,PERSON,Russian war crimes
putin maria alekseyevna international criminal court,PERSON,Russian war crimes
geneva,GPE,Russian war crimes
ohchr,GPE,Russian war crimes
